{"train_time": 14.738447189331055, "test_auc": null, "test_time": 0.014299392700195312}