{"train_time": 15.106423377990723, "test_auc": null, "test_time": 0.014258861541748047}