{"train_time": 15.458248853683472, "test_auc": null, "test_time": 0.014162778854370117}