{"train_time": 4.69066596031189, "test_auc": null, "test_time": 0.005388736724853516}