{"train_time": 13.138320684432983, "test_auc": null, "test_time": 0.004204750061035156, "test_scores": [[0, 0, 0.01378505676984787], [1, 0, 0.05390426144003868], [2, 0, 0.05239346623420715], [3, 0, 0.0493483766913414], [4, 0, 0.0070262569934129715], [5, 0, 0.05765058472752571], [6, 0, 0.01837843656539917], [7, 0, 0.052475765347480774], [8, 0, 0.02572588622570038], [9, 0, 0.07841344177722931], [10, 0, 0.03176906332373619], [11, 0, 0.018698371946811676], [12, 0, 0.037237636744976044], [13, 0, 0.02829854004085064], [14, 0, 0.035769544541835785], [15, 0, 0.10545700788497925], [16, 0, 0.17454686760902405], [17, 0, 0.017279503867030144], [18, 0, 0.033248916268348694], [19, 0, 0.04863385483622551], [20, 0, 0.012438328936696053], [21, 0, 0.014525623060762882], [22, 0, 0.02058316394686699], [23, 0, 0.03227200731635094], [24, 0, 0.11135464906692505], [25, 0, 0.04580364003777504], [26, 0, 0.022844411432743073], [27, 0, 0.03774917870759964], [28, 0, 0.013998640701174736], [29, 0, 0.040134578943252563], [30, 0, 0.04482872039079666], [31, 0, 0.02933257445693016], [32, 0, 0.043910108506679535], [33, 0, 0.02296844683587551], [34, 0, 0.015498708002269268], [35, 0, 0.049113400280475616], [36, 0, 0.03165154531598091], [37, 0, 0.0325956866145134], [38, 0, 0.035868775099515915], [39, 0, 0.03954610228538513], [40, 0, 0.012508055195212364], [41, 0, 0.052413664758205414], [42, 0, 0.014485145919024944], [43, 0, 0.06712742149829865], [44, 0, 0.06398764252662659], [45, 0, 0.016660578548908234], [46, 0, 0.008938009850680828], [47, 0, 0.012719578109681606], [48, 0, 0.03495250269770622], [49, 0, 0.08445294946432114], [50, 0, 0.08170571178197861], [51, 0, 0.023372018709778786], [52, 0, 0.02698294073343277], [53, 0, 0.02439310774207115], [54, 0, 0.01809348724782467], [55, 0, 0.017727162688970566], [56, 0, 0.02529730275273323], [57, 0, 0.06791633367538452], [58, 0, 0.04920872300863266], [59, 0, 0.030032556504011154], [60, 0, 0.021795149892568588], [61, 0, 0.0044066207483410835], [62, 0, 0.032742347568273544], [63, 0, 0.037372488528490067], [64, 0, 0.07880919426679611], [65, 0, 0.04656875878572464], [66, 0, 0.020602352917194366], [67, 0, 0.018333066254854202], [68, 0, 0.03936042636632919], [69, 0, 0.035881008952856064], [70, 0, 0.019731545820832253], [71, 0, 0.02745196223258972], [72, 0, 0.019858192652463913], [73, 0, 0.09822271764278412], [74, 0, 0.01320751290768385], [75, 0, 0.03028896637260914], [76, 0, 0.05349191650748253], [77, 0, 0.014460633508861065], [78, 0, 0.04766283184289932], [79, 0, 0.017422325909137726], [80, 0, 0.022041523829102516], [81, 0, 0.0734567791223526], [82, 0, 0.007654019631445408], [83, 0, 0.027138199657201767], [84, 0, 0.05152106285095215], [85, 0, 0.04029897600412369], [86, 0, 0.04181128367781639], [87, 0, 0.006986175663769245], [88, 0, 0.42634016275405884], [89, 0, 0.22087937593460083], [90, 0, 0.059597596526145935], [91, 0, 0.09080525487661362], [92, 0, 0.05537598580121994], [93, 0, 0.029865872114896774], [94, 0, 0.06380631029605865], [95, 0, 0.05145800858736038], [96, 0, 0.06274792551994324], [97, 0, 0.04363998398184776], [98, 0, 0.019346587359905243], [99, 0, 0.038049764931201935], [100, 0, 0.11254475265741348], [101, 0, 0.01042604073882103], [102, 0, 0.029783589765429497], [103, 0, 0.06975337862968445], [104, 0, 0.03283480927348137], [105, 0, 0.06508710980415344], [106, 0, 0.06934414058923721], [107, 0, 0.018610216677188873], [108, 0, 0.02264222502708435], [109, 0, 0.04900531470775604], [110, 0, 0.026707392185926437], [111, 0, 0.054912976920604706], [112, 0, 0.053748056292533875], [113, 0, 0.024421636015176773], [114, 0, 0.018608126789331436], [115, 0, 0.018258046358823776], [116, 0, 0.03596390411257744], [117, 0, 0.04693981260061264], [118, 0, 0.026097530499100685], [119, 0, 0.023811642080545425], [120, 0, 0.035675548017024994], [121, 0, 0.006722958758473396], [122, 0, 0.033931612968444824], [123, 0, 0.01941000297665596], [124, 0, 0.01499456912279129], [125, 0, 0.05271560326218605], [126, 0, 0.022174682468175888], [127, 0, 0.02323746494948864], [128, 0, 0.05536050349473953], [129, 0, 0.052562545984983444], [130, 0, 0.03197745233774185], [131, 0, 0.021960362792015076], [132, 0, 0.035416580736637115], [133, 0, 0.006141552235931158], [134, 0, 0.09044240415096283], [135, 0, 0.08053738623857498], [136, 0, 0.04907921701669693], [137, 0, 0.05216190591454506], [138, 0, 0.015750447288155556], [139, 0, 0.03960247337818146], [140, 0, 0.026298590004444122], [141, 0, 0.02923107147216797], [142, 0, 0.04698823764920235], [143, 0, 0.05745011940598488], [144, 0, 0.048449933528900146], [145, 0, 0.020780880004167557], [146, 0, 0.023208478465676308], [147, 0, 0.031500041484832764], [148, 0, 0.031702976673841476], [149, 0, 0.03743600472807884], [150, 0, 0.024644557386636734], [151, 0, 0.021205246448516846], [152, 0, 0.06841748207807541], [153, 0, 0.054811738431453705], [154, 0, 0.049096766859292984], [155, 0, 0.0798085406422615], [156, 0, 0.03639189898967743], [157, 0, 0.026178520172834396], [158, 0, 0.1731259822845459], [159, 0, 0.015296755358576775], [160, 0, 0.020197594538331032], [161, 0, 0.0631052553653717], [162, 0, 0.031362384557724], [163, 0, 0.05269204452633858], [164, 0, 0.07868494838476181], [165, 0, 0.046423524618148804], [166, 0, 0.01828879863023758], [167, 0, 0.03194161504507065], [168, 0, 0.07341530174016953], [169, 0, 0.010508453473448753], [170, 0, 0.0190106350928545], [171, 0, 0.03615811839699745], [172, 0, 0.033417556434869766], [173, 0, 0.015337944962084293], [174, 0, 0.021204110234975815], [175, 0, 0.022890515625476837], [176, 0, 0.030590921640396118], [177, 0, 0.01547387894243002], [178, 0, 0.03224293887615204], [179, 0, 0.1189015805721283], [180, 0, 0.013274304568767548], [181, 0, 0.016873974353075027], [182, 0, 0.04581909254193306], [183, 0, 0.060982100665569305], [184, 0, 0.02254127711057663], [185, 0, 0.013899263925850391], [186, 0, 0.014182517305016518], [187, 0, 0.05918281525373459], [188, 0, 0.04213887080550194], [189, 0, 0.010965477675199509], [190, 0, 0.08363260328769684], [191, 0, 0.02139671891927719], [192, 0, 0.05444074794650078], [193, 0, 0.08652376383543015], [194, 0, 0.06224704533815384], [195, 0, 0.09960585087537766], [196, 0, 0.010045087896287441], [197, 0, 0.023820968344807625], [198, 0, 0.026967547833919525], [199, 0, 0.031229635700583458], [200, 0, 0.014115284197032452], [201, 0, 0.02591550350189209], [202, 0, 0.0076784975826740265], [203, 0, 0.021746978163719177], [204, 0, 0.007369678933173418], [205, 0, 0.017228571698069572], [206, 0, 0.03517533466219902], [207, 0, 0.06426068395376205], [208, 0, 0.04150717705488205], [209, 0, 0.016506455838680267], [210, 0, 0.03955439105629921], [211, 0, 0.03256205469369888], [212, 0, 0.02580590359866619], [213, 0, 0.026180658489465714], [214, 0, 0.024494845420122147], [215, 0, 0.054128311574459076], [216, 0, 0.0272195003926754], [217, 0, 0.022065099328756332], [218, 0, 0.030666669830679893], [219, 0, 0.029759086668491364], [220, 0, 0.028796885162591934], [221, 0, 0.02495710551738739], [222, 0, 0.03903427720069885], [223, 0, 0.08841758221387863], [224, 0, 0.05950736254453659], [225, 0, 0.014840420335531235], [226, 0, 0.015415702946484089], [227, 0, 0.04366576671600342], [228, 0, 0.03713005781173706], [229, 0, 0.04489535838365555], [230, 0, 0.06352277100086212], [231, 0, 0.08993272483348846], [232, 0, 0.031373605132102966], [233, 0, 0.08847440779209137], [234, 0, 0.024471290409564972], [235, 0, 0.01467515155673027], [236, 0, 0.013600802980363369], [237, 0, 0.017073074355721474], [238, 0, 0.06970839202404022], [239, 0, 0.018940597772598267], [240, 0, 0.0771978497505188], [241, 0, 0.03246498107910156], [242, 0, 0.026047738268971443], [243, 0, 0.04186422377824783], [244, 0, 0.04309914633631706], [245, 0, 0.045763369649648666], [246, 0, 0.026062948629260063], [247, 0, 0.0320005863904953], [248, 0, 0.04708051681518555], [249, 0, 0.06343134492635727], [250, 0, 0.010416070930659771], [251, 0, 0.01904553920030594], [252, 0, 0.019256537780165672], [253, 0, 0.015769679099321365], [254, 0, 