{"train_time": 10.615678548812866, "test_auc": null, "test_time": 0.011084794998168945}