{"train_time": 15.224554538726807, "test_auc": null, "test_time": 0.014195680618286133}