{"train_time": 16.17873239517212, "test_auc": null, "test_time": 0.01585531234741211}