{"train_time": 15.106559991836548, "test_auc": null, "test_time": 0.014090299606323242}