{"train_time": 14.892547607421875, "test_auc": null, "test_time": 0.014205217361450195}