{"train_time": 12.709611177444458, "test_auc": null, "test_time": 0.011540651321411133}