{"train_time": 14.514302730560303, "test_auc": null, "test_time": 0.013935565948486328}