{"train_time": 15.135509967803955, "test_auc": null, "test_time": 0.013635635375976562}