{"train_time": 14.517996788024902, "test_auc": null, "test_time": 0.014791727066040039}