{"train_time": 10.843250274658203, "test_auc": null, "test_time": 0.009598731994628906}