{"train_time": 10.808685064315796, "test_auc": null, "test_time": 0.011243820190429688}