{"train_time": 13.535069704055786, "test_auc": null, "test_time": 0.011572837829589844}