{"train_time": 17.085336446762085, "test_auc": null, "test_time": 0.01725029945373535}