{"train_time": 15.204917430877686, "test_auc": null, "test_time": 0.016556978225708008}