{"train_time": 17.113367319107056, "test_auc": null, "test_time": 0.01817035675048828}