{"train_time": 12.435752868652344, "test_auc": null, "test_time": 0.0148773193359375}