{"train_time": 14.774115085601807, "test_auc": null, "test_time": 0.011418819427490234}