{"train_time": 11.799102306365967, "test_auc": null, "test_time": 0.012970209121704102}