{"train_time": 16.968164205551147, "test_auc": null, "test_time": 0.015692949295043945}