{"train_time": 11.258306503295898, "test_auc": null, "test_time": 0.019846200942993164}