{"train_time": 117.54612231254578, "test_auc": null, "test_time": 0.11750459671020508}