{"train_time": 31.162638902664185, "test_auc": 0.9668674698795182, "test_time": 0.006293058395385742, "test_scores": [[0, 0, 0.35123834013938904], [1, 0, 0.5500698089599609], [2, 0, 2.1402761936187744], [3, 0, 0.5892958045005798], [4, 0, 0.39995867013931274], [5, 0, 1.2687556743621826], [6, 0, 0.7165289521217346], [7, 0, 1.1600764989852905], [8, 0, 0.8696796298027039], [9, 0, 1.0395915508270264], [10, 0, 0.47548794746398926], [11, 0, 0.2622109353542328], [12, 0, 0.4401910901069641], [13, 0, 0.30702313780784607], [14, 0, 0.8081092238426208], [15, 0, 0.30911368131637573], [16, 1, 2.7400691509246826], [17, 0, 0.9883438348770142], [18, 0, 0.691358208656311], [19, 0, 0.5770546197891235], [20, 0, 0.3954988420009613], [21, 0, 0.2971607446670532], [22, 0, 1.0356227159500122], [23, 0, 0.5657485127449036], [24, 0, 0.41951820254325867], [25, 0, 0.5655040144920349], [26, 0, 0.6102342009544373], [27, 1, 1.686553955078125], [28, 0, 0.5111404061317444], [29, 0, 0.4579232633113861], [30, 0, 0.5592672824859619], [31, 0, 1.0750236511230469], [32, 0, 0.6039987206459045], [33, 0, 0.5411809086799622], [34, 1, 3.0896894931793213], [35, 0, 0.3478633165359497], [36, 0, 0.7051597833633423], [37, 1, 1.8698761463165283], [38, 0, 0.646746814250946], [39, 0, 0.4621460735797882], [40, 0, 1.7580771446228027], [41, 0, 0.23763850331306458], [42, 0, 0.3326794505119324], [43, 0, 0.5986694097518921], [44, 0, 0.7329479455947876], [45, 0, 0.5454957485198975], [46, 0, 0.5703731179237366], [47, 0, 1.6774818897247314], [48, 0, 3.334743022918701], [49, 0, 1.635450839996338], [50, 0, 0.7424913048744202], [51, 1, 2.130732536315918], [52, 0, 0.24238350987434387], [53, 0, 0.4636952579021454], [54, 0, 1.0532015562057495], [55, 0, 0.8369266390800476], [56, 0, 0.8304436206817627], [57, 1, 2.1465775966644287], [58, 0, 1.215632438659668], [59, 0, 0.9114154577255249], [60, 0, 0.2324380874633789], [61, 0, 0.35645848512649536], [62, 0, 0.7182214260101318], [63, 0, 0.38718727231025696], [64, 0, 0.32084721326828003], [65, 0, 0.6327760219573975], [66, 0, 0.29594236612319946], [67, 0, 0.4310356378555298], [68, 0, 0.44981488585472107], [69, 0, 0.6054084300994873], [70, 0, 1.0324245691299438], [71, 0, 0.3129081130027771], [72, 0, 0.6921197175979614], [73, 0, 0.6063964366912842], [74, 0, 0.32269877195358276], [75, 0, 0.3379073441028595], [76, 0, 0.7332809567451477], [77, 0, 0.33288782835006714], [78, 0, 1.155234456062317], [79, 0, 0.27839699387550354], [80, 0, 0.6170426607131958], [81, 0, 0.6014052629470825], [82, 0, 1.6634039878845215], [83, 0, 0.8063175082206726], [84, 0, 0.49035581946372986], [85, 0, 0.9006891846656799], [86, 0, 0.3017553687095642], [87, 0, 0.6240049004554749], [88, 1, 2.8227803707122803], [89, 0, 0.465204656124115], [90, 0, 0.6327637434005737], [91, 0, 0.31192922592163086], [92, 0, 0.5435570478439331], [93, 0, 1.0121592283248901], [94, 0, 0.7431681752204895], [95, 0, 0.6413301229476929], [96, 0, 2.4981014728546143], [97, 0, 0.698975145816803], [98, 0, 0.9813885688781738], [99, 0, 1.3038839101791382], [100, 0, 1.4776703119277954], [101, 1, 1.902623176574707], [102, 0, 0.6644583940505981], [103, 0, 4.207573413848877], [104, 0, 0.747935950756073], [105, 0, 0.44467785954475403], [106, 0, 3.089165210723877], [107, 0, 0.9120280146598816], [108, 0, 0.5904983282089233], [109, 0, 1.062320351600647], [110, 0, 0.350455641746521], [111, 0, 0.7040038108825684], [112, 0, 0.44065922498703003], [113, 0, 0.3176076412200928], [114, 0, 0.6157374382019043], [115, 0, 0.24074186384677887], [116, 0, 0.7267547249794006], [117, 0, 0.6197197437286377], [118, 0, 0.6555507183074951], [119, 0, 0.36399784684181213], [120, 0, 0.6496592164039612], [121, 0, 0.551807701587677], [122, 0, 0.6718834638595581], [123, 0, 0.31718072295188904], [124, 0, 0.6740363836288452], [125, 0, 1.1309977769851685], [126, 0, 0.7267965078353882], [127, 0, 0.42031124234199524], [128, 0, 0.5628632307052612], [129, 0, 0.503373920917511], [130, 0, 0.8883914351463318], [131, 0, 0.5415934920310974], [132, 0, 0.4222385883331299], [133, 0, 0.9138138294219971], [134, 0, 0.5373874306678772], [135, 0, 0.4245658218860626], [136, 0, 0.5409610271453857], [137, 0, 1.1182060241699219], [138, 0, 0.3043489456176758], [139, 0, 0.5368777513504028], [140, 0, 0.4061299264431], [141, 0, 0.5891932845115662], [142, 0, 0.41687721014022827], [143, 0, 0.49280136823654175], [144, 0, 0.6924126148223877], [145, 1, 1.8095118999481201], [146, 0, 0.9867868423461914], [147, 0, 0.48174259066581726], [148, 0, 0.6987280249595642], [149, 1, 1.8862158060073853], [150, 1, 6.4098687171936035], [151, 0, 0.3920948803424835], [152, 0, 0.4863789975643158], [153, 0, 0.7034718990325928], [154, 0, 0.30928775668144226], [155, 0, 0.42411279678344727], [156, 0, 0.5253174901008606], [157, 0, 0.3038184940814972], [158, 0, 0.5564342737197876], [159, 0, 0.4917125701904297], [160, 0, 1.0090018510818481], [161, 0, 0.4779452979564667], [162, 0, 0.3224729299545288], [163, 0, 0.656072199344635], [164, 0, 0.3832593858242035], [165, 0, 0.45678380131721497], [166, 0, 0.34957507252693176], [167, 0, 0.514617919921875], [168, 0, 0.4355015754699707], [169, 0, 0.4928441047668457], [170, 0, 0.557156503200531], [171, 0, 0.7188200354576111], [172, 1, 2.3067097663879395], [173, 0, 0.3666042983531952], [174, 0, 0.4661819040775299], [175, 0, 1.2171908617019653], [176, 0, 0.5488117337226868], [177, 0, 0.768943727016449], [178, 0, 2.954232692718506], [179, 1, 2.0983846187591553], [180, 0, 1.1350089311599731], [181, 1, 2.326572895050049], [182, 0, 0.7835318446159363], [183, 0, 0.2548232674598694], [184, 0, 0.521410346031189], [185, 0, 0.6019265651702881], [186, 0, 0.5978487133979797], [187, 0, 0.8334209322929382], [188, 0, 0.3926056921482086], [189, 0, 1.0988818407058716], [190, 0, 0.4895198941230774], [191, 0, 0.4801577627658844], [192, 0, 0.4054111838340759], [193, 0, 0.42032724618911743], [194, 0, 1.0039746761322021], [195, 0, 0.546904444694519], [196, 0, 0.6773810982704163], [197, 0, 0.2560129165649414], [198, 0, 8.789406776428223], [199, 0, 0.5407812595367432], [200, 0, 1.8206874132156372], [201, 0, 0.3953251540660858], [202, 0, 1.8851075172424316], [203, 0, 0.7166661024093628], [204, 0, 0.42963436245918274], [205, 0, 0.7242645025253296], [206, 0, 0.28188687562942505], [207, 0, 0.5948581695556641], [208, 0, 0.9524348378181458], [209, 1, 2.364980459213257], [210, 0, 0.9669341444969177], [211, 1, 1.8616286516189575], [212, 0, 0.512522280216217], [213, 0, 0.9349439740180969], [214, 0, 1.235169768333435], [215, 1, 3.5788843631744385], [216, 0, 0.7448468804359436], [217, 0, 0.3338080644607544], [218, 1, 1.5608947277069092], [219, 0, 0.648661732673645], [220, 0, 1.4309805631637573], [221, 1, 1.3698796033859253], [222, 1, 3.0707409381866455], [223, 0, 1.5773085355758667], [224, 0, 0.6324051022529602], [225, 1, 5.977358818054199], [226, 0, 0.3904152810573578], [227, 0, 0.27649563550949097], [228, 0, 0.7794636487960815], [229, 0, 0.7297084331512451], [230, 0, 0.6527512669563293], [231, 0, 0.5330727100372314], [232, 0, 0.37628334760665894], [233, 0, 0.6393062472343445], [234, 0, 0.6898318529129028], [235, 0, 1.2934168577194214], [236, 0, 0.7978699207305908], [237, 0, 0.3017520010471344], [238, 0, 0.5529355406761169], [239, 0, 0.5815873146057129], [240, 0, 0.7664645314216614], [241, 0, 0.8181018233299255], [242, 0, 0.7733464241027832], [243, 0, 0.43006476759910583], [244, 0, 9.769098281860352], [245, 0, 0.6452047228813171], [246, 1, 4.3400444984436035], [247, 0, 0.5088940858840942], [248, 0, 0.4020868241786957], [249, 0, 0.42070117592811584], [250, 0, 0.5719443559646606], [251, 0, 0.3001842200756073], [252, 1, 1.270283818244934], [253, 0, 0.3749288022518158], [254, 0, 0.260642409324646], [255, 0, 0.8128983974456787], [256, 0, 0.36307474970817566], [257, 0, 1.3608258962631226], [258, 0, 1.270094633102417], [259, 0, 0.34045514464378357], [260, 1, 2.635622024536133], [261, 0, 0.43911057710647583], [262, 0, 0.24586467444896698], [263, 0, 0.9467312097549438], [264, 0, 0.3022766411304474], [265, 0, 0.5713536143302917], [266, 0, 