{"train_time": 16.075666427612305, "test_auc": null, "test_time": 0.014996767044067383}