{"train_time": 12.248616218566895, "test_auc": null, "test_time": 0.010617494583129883}