{"train_time": 15.120389461517334, "test_auc": null, "test_time": 0.015218257904052734}