{"train_time": 5.648561716079712, "test_auc": 0.5966469428007889, "test_time": 0.0019986629486083984, "test_scores": [[0, 1, 1133.791748046875], [1, 0, 980.876953125], [2, 0, 1387.2706298828125], [3, 0, 1615.0743408203125], [4, 0, 1019.9705810546875], [5, 0, 1216.73779296875], [6, 0, 1196.1019287109375], [7, 0, 1192.51025390625], [8, 1, 1259.4525146484375], [9, 0, 1303.870361328125], [10, 0, 1218.0977783203125], [11, 0, 1187.863525390625], [12, 0, 1327.076416015625], [13, 0, 1106.2139892578125], [14, 0, 1146.3863525390625], [15, 1, 854.6956787109375], [16, 0, 1107.6298828125], [17, 0, 1230.213134765625], [18, 0, 1169.656005859375], [19, 0, 1118.469482421875], [20, 0, 1127.055908203125], [21, 0, 1298.6832275390625], [22, 0, 1131.7972412109375], [23, 0, 1224.38623046875], [24, 0, 1266.809326171875], [25, 0, 1460.105712890625], [26, 0, 1220.3253173828125], [27, 0, 1074.9884033203125], [28, 0, 1084.6976318359375], [29, 0, 1168.302490234375], [30, 0, 1055.509033203125], [31, 0, 1067.81640625], [32, 0, 1121.4720458984375], [33, 0, 1189.564453125], [34, 0, 1468.4776611328125], [35, 0, 1098.6141357421875], [36, 0, 1025.26953125], [37, 0, 1059.6846923828125], [38, 0, 1040.2249755859375], [39, 0, 1157.8653564453125], [40, 0, 1612.4578857421875], [41, 1, 2788.45654296875], [42, 0, 1081.7366943359375], [43, 0, 1151.7762451171875], [44, 1, 1206.7904052734375], [45, 0, 1292.1104736328125], [46, 0, 1119.471435546875], [47, 0, 1162.1756591796875], [48, 0, 1144.1790771484375], [49, 0, 1099.9881591796875], [50, 0, 935.5574951171875], [51, 0, 874.4972534179688], [52, 0, 1192.5245361328125], [53, 0, 1431.1114501953125], [54, 1, 1457.537109375], [55, 0, 1092.6268310546875], [56, 1, 1185.933837890625], [57, 0, 1200.1585693359375], [58, 0, 1278.1614990234375], [59, 0, 1118.8067626953125], [60, 0, 1045.8232421875], [61, 0, 1035.9088134765625], [62, 1, 932.0416870117188], [63, 0, 1174.35009765625], [64, 0, 1072.139892578125], [65, 1, 1020.4400024414062], [66, 0, 1011.7689208984375], [67, 0, 1101.6617431640625], [68, 0, 1089.3927001953125], [69, 0, 1207.3875732421875], [70, 0, 1099.616943359375], [71, 0, 1175.2652587890625], [72, 0, 848.7578735351562], [73, 0, 1210.568603515625], [74, 0, 1087.4410400390625], [75, 0, 1366.276123046875], [76, 0, 1209.2833251953125], [77, 1, 1335.35400390625], [78, 0, 896.47314453125], [79, 0, 1203.8546142578125], [80, 1, 2106.52392578125], [81, 0, 1083.2220458984375], [82, 1, 993.9708251953125], [83, 0, 1087.66064453125], [84, 1, 2183.163818359375], [85, 0, 1013.9129638671875], [86, 0, 1096.3489990234375], [87, 0, 1099.0146484375], [88, 0, 1251.481689453125], [89, 0, 1152.806396484375], [90, 0, 1058.2938232421875]]}