{"train_time": 14.964589357376099, "test_auc": null, "test_time": 0.014415264129638672}