{"train_time": 10.600977182388306, "test_auc": null, "test_time": 0.010542631149291992}