{"train_time": 15.28476858139038, "test_auc": null, "test_time": 0.01616072654724121}