{"train_time": 11.75284218788147, "test_auc": null, "test_time": 0.010027647018432617}