{"train_time": 15.099863529205322, "test_auc": null, "test_time": 0.014604806900024414}