{"train_time": 14.912230014801025, "test_auc": null, "test_time": 0.014055967330932617}