{"train_time": 0.9847276210784912, "test_auc": null, "test_time": 0.0017561912536621094}