{"train_time": 3.621079921722412, "test_auc": null, "test_time": 0.0014007091522216797, "test_scores": [[0, 0, 144.1475830078125], [1, 0, 177.47763061523438], [2, 0, 170.85604858398438], [3, 0, 153.94078063964844], [4, 0, 158.02713012695312], [5, 0, 163.22817993164062], [6, 0, 189.46682739257812], [7, 0, 121.07156372070312], [8, 0, 133.66419982910156], [9, 0, 160.23892211914062], [10, 0, 170.3736114501953], [11, 0, 171.82301330566406], [12, 0, 169.37600708007812], [13, 0, 150.3909912109375], [14, 0, 143.4167022705078], [15, 0, 189.3531494140625], [16, 0, 174.06021118164062], [17, 0, 187.83050537109375], [18, 0, 163.98622131347656], [19, 0, 190.68060302734375], [20, 0, 158.67237854003906], [21, 0, 162.0008544921875], [22, 0, 174.69342041015625], [23, 0, 160.85714721679688], [24, 0, 183.1942596435547], [25, 0, 183.7768096923828], [26, 0, 113.68495178222656], [27, 0, 196.34884643554688], [28, 0, 126.3080062866211], [29, 0, 195.93043518066406], [30, 0, 156.68756103515625], [31, 0, 155.20697021484375], [32, 0, 186.72555541992188], [33, 0, 190.17178344726562], [34, 0, 176.21139526367188], [35, 0, 145.8705596923828], [36, 0, 179.36721801757812], [37, 0, 164.40179443359375], [38, 0, 189.40838623046875], [39, 0, 165.23187255859375], [40, 0, 154.88143920898438], [41, 0, 183.92330932617188], [42, 0, 185.64988708496094], [43, 0, 167.06887817382812], [44, 0, 130.04226684570312], [45, 0, 197.4420166015625], [46, 0, 157.55850219726562], [47, 0, 167.18539428710938], [48, 0, 184.46099853515625], [49, 0, 134.27471923828125], [50, 0, 148.8732452392578], [51, 0, 186.0418701171875], [52, 0, 176.63461303710938], [53, 0, 158.01263427734375], [54, 0, 176.79896545410156], [55, 0, 172.98095703125], [56, 0, 177.66659545898438], [57, 0, 153.44149780273438], [58, 0, 172.9684600830078], [59, 0, 197.100341796875], [60, 0, 154.08795166015625], [61, 0, 146.89183044433594], [62, 0, 170.36056518554688], [63, 0, 169.6388397216797], [64, 0, 156.91876220703125], [65, 0, 172.7332000732422], [66, 0, 168.9163818359375], [67, 0, 155.296875], [68, 0, 167.0464324951172], [69, 0, 162.11398315429688], [70, 0, 144.0673065185547], [71, 0, 143.79136657714844], [72, 0, 197.21156311035156], [73, 0, 174.36947631835938], [74, 0, 148.81793212890625], [75, 0, 175.0669708251953], [76, 0, 177.80123901367188], [77, 0, 147.12652587890625]]}