{"train_time": 0.9618110656738281, "test_auc": null, "test_time": 0.0026946067810058594}