{"train_time": 4.085779666900635, "test_auc": 0.7919132149901381, "test_time": 0.0017077922821044922, "test_scores": [[0, 1, 185.23040771484375], [1, 0, 172.2724609375], [2, 0, 143.75320434570312], [3, 0, 138.15179443359375], [4, 0, 166.31398010253906], [5, 0, 180.85511779785156], [6, 0, 159.3990020751953], [7, 0, 195.80291748046875], [8, 1, 135.3045654296875], [9, 0, 171.04385375976562], [10, 0, 166.83932495117188], [11, 0, 171.7073974609375], [12, 0, 171.04290771484375], [13, 0, 181.8869171142578], [14, 0, 142.92803955078125], [15, 1, 194.32403564453125], [16, 0, 164.9144287109375], [17, 0, 129.35244750976562], [18, 0, 182.66433715820312], [19, 0, 147.01638793945312], [20, 0, 156.81594848632812], [21, 0, 186.43202209472656], [22, 0, 146.65089416503906], [23, 0, 197.9400177001953], [24, 0, 203.8204803466797], [25, 0, 137.2542724609375], [26, 0, 171.6728515625], [27, 0, 186.28781127929688], [28, 0, 152.82827758789062], [29, 0, 165.70123291015625], [30, 0, 210.23716735839844], [31, 0, 197.79248046875], [32, 0, 166.61395263671875], [33, 0, 173.89389038085938], [34, 0, 195.26132202148438], [35, 0, 133.04100036621094], [36, 0, 162.94436645507812], [37, 0, 134.27195739746094], [38, 0, 228.16827392578125], [39, 0, 189.1112060546875], [40, 0, 134.04946899414062], [41, 1, 188.40626525878906], [42, 0, 169.69564819335938], [43, 0, 147.37673950195312], [44, 1, 178.87005615234375], [45, 0, 140.73097229003906], [46, 0, 152.89944458007812], [47, 0, 155.91522216796875], [48, 0, 225.71249389648438], [49, 0, 137.2050018310547], [50, 0, 199.6856689453125], [51, 0, 177.1800994873047], [52, 0, 143.15451049804688], [53, 0, 101.16264343261719], [54, 1, 252.65359497070312], [55, 0, 178.43682861328125], [56, 1, 246.10507202148438], [57, 0, 134.44668579101562], [58, 0, 219.94744873046875], [59, 0, 171.238037109375], [60, 0, 170.76760864257812], [61, 0, 208.6928253173828], [62, 1, 232.9090118408203], [63, 0, 169.36807250976562], [64, 0, 169.58016967773438], [65, 1, 225.60195922851562], [66, 0, 169.20724487304688], [67, 0, 124.28516387939453], [68, 0, 164.5594940185547], [69, 0, 136.9400634765625], [70, 0, 152.52685546875], [71, 0, 142.42657470703125], [72, 0, 181.56979370117188], [73, 0, 149.68511962890625], [74, 0, 159.42356872558594], [75, 0, 153.68759155273438], [76, 0, 206.35745239257812], [77, 1, 210.0345458984375], [78, 0, 197.00497436523438], [79, 0, 161.41537475585938], [80, 1, 148.38027954101562], [81, 0, 175.087646484375], [82, 1, 195.38278198242188], [83, 0, 163.1314697265625], [84, 1, 230.0242919921875], [85, 0, 161.42286682128906], [86, 0, 167.93917846679688], [87, 0, 164.3956756591797], [88, 0, 169.51712036132812], [89, 0, 162.6700897216797], [90, 0, 174.55337524414062]]}