{"train_time": 14.09844183921814, "test_auc": null, "test_time": 0.014017105102539062}