{"train_time": 12.836917161941528, "test_auc": null, "test_time": 0.010546445846557617}