{"train_time": 14.916567087173462, "test_auc": null, "test_time": 0.015729427337646484}