{"train_time": 5.163000822067261, "test_auc": null, "test_time": 0.005873203277587891}