{"train_time": 21.336610794067383, "test_auc": 0.9954388984509466, "test_time": 0.0054738521575927734, "test_scores": [[0, 0, 0.07090798020362854], [1, 0, 0.030867785215377808], [2, 0, 0.19560343027114868], [3, 0, 0.008391029201447964], [4, 0, 0.025055591017007828], [5, 0, 0.2972760498523712], [6, 0, 0.13740266859531403], [7, 0, 0.7565898299217224], [8, 0, 0.07444673031568527], [9, 0, 0.024399366229772568], [10, 0, 0.026464294642210007], [11, 0, 0.007839065045118332], [12, 0, 0.020808909088373184], [13, 0, 0.008466839790344238], [14, 0, 0.017283912748098373], [15, 0, 0.02664436772465706], [16, 1, 3.5035924911499023], [17, 0, 0.02593228965997696], [18, 0, 0.015345526859164238], [19, 0, 0.050159960985183716], [20, 0, 0.02492585778236389], [21, 0, 0.050155989825725555], [22, 0, 0.0378136932849884], [23, 0, 0.042583856731653214], [24, 0, 0.009679315611720085], [25, 0, 0.016680782660841942], [26, 0, 0.06444070488214493], [27, 1, 5.099090576171875], [28, 0, 0.0207531601190567], [29, 0, 0.034185655415058136], [30, 0, 0.02552333101630211], [31, 0, 0.22110649943351746], [32, 0, 0.07215599715709686], [33, 0, 0.019312120974063873], [34, 1, 3.3552494049072266], [35, 0, 0.03319781646132469], [36, 0, 0.0262429378926754], [37, 1, 2.150512218475342], [38, 0, 0.03260805830359459], [39, 0, 0.0018071632366627455], [40, 0, 0.1331251859664917], [41, 0, 0.02580808475613594], [42, 0, 0.007372161373496056], [43, 0, 0.1325048804283142], [44, 0, 0.08802411705255508], [45, 0, 0.018721595406532288], [46, 0, 0.10727812349796295], [47, 0, 0.01873162016272545], [48, 0, 0.36779147386550903], [49, 0, 0.053445667028427124], [50, 0, 0.06899476796388626], [51, 1, 2.414363384246826], [52, 0, 0.014164818450808525], [53, 0, 0.020037056878209114], [54, 0, 0.08833746612071991], [55, 0, 0.06347338110208511], [56, 0, 0.02139102667570114], [57, 1, 1.6418647766113281], [58, 0, 0.028626058250665665], [59, 0, 0.017928190529346466], [60, 0, 0.03497050330042839], [61, 0, 0.002943541621789336], [62, 0, 0.042627204209566116], [63, 0, 0.01738113909959793], [64, 0, 0.010861746035516262], [65, 0, 0.02694885805249214], [66, 0, 0.022185204550623894], [67, 0, 0.010647052899003029], [68, 0, 0.03140650689601898], [69, 0, 0.035210832953453064], [70, 0, 0.018273508176207542], [71, 0, 0.021076625213027], [72, 0, 0.02036008983850479], [73, 0, 0.02704210951924324], [74, 0, 0.010307878255844116], [75, 0, 0.024051770567893982], [76, 0, 0.016817260533571243], [77, 0, 0.00963411945849657], [78, 0, 0.7544741630554199], [79, 0, 0.03548431396484375], [80, 0, 0.0030741668306291103], [81, 0, 0.04572959989309311], [82, 0, 0.05583876371383667], [83, 0, 0.10789439082145691], [84, 0, 0.05268281325697899], [85, 0, 0.17680680751800537], [86, 0, 0.018302015960216522], [87, 0, 0.015725411474704742], [88, 1, 6.430254936218262], [89, 0, 0.05507543310523033], [90, 0, 0.05222000926733017], [91, 0, 0.037837810814380646], [92, 0, 0.07729145884513855], [93, 0, 0.0932609811425209], [94, 0, 0.029100535437464714], [95, 0, 0.04771866276860237], [96, 0, 0.15187305212020874], [97, 0, 0.047441113740205765], [98, 0, 0.07534365355968475], [99, 0, 0.25677454471588135], [100, 0, 0.015461655333638191], [101, 1, 2.7978599071502686], [102, 0, 0.08887636661529541], [103, 0, 0.1975913643836975], [104, 0, 0.03287874162197113], [105, 0, 0.024558935314416885], [106, 0, 0.3623393476009369], [107, 0, 0.0854492038488388], [108, 0, 0.03297584876418114], [109, 0, 0.15258833765983582], [110, 0, 0.01245974563062191], [111, 0, 0.06546659767627716], [112, 0, 0.006906929425895214], [113, 0, 0.03426378592848778], [114, 0, 0.044776801019907], [115, 0, 0.019189909100532532], [116, 0, 0.16107121109962463], [117, 0, 0.046180691570043564], [118, 0, 0.04774485528469086], [119, 0, 0.025971999391913414], [120, 0, 0.0162237249314785], [121, 0, 0.006644424982368946], [122, 0, 0.26599442958831787], [123, 0, 0.06651844084262848], [124, 0, 0.02080610580742359], [125, 0, 0.749617338180542], [126, 0, 0.432497501373291], [127, 0, 0.013292028568685055], [128, 0, 0.011275943368673325], [129, 0, 0.024054251611232758], [130, 0, 0.024260811507701874], [131, 0, 0.041395291686058044], [132, 0, 0.014486017636954784], [133, 0, 0.025785550475120544], [134, 0, 0.025734296068549156], [135, 0, 0.027379648759961128], [136, 0, 0.03310626745223999], [137, 0, 0.1155707985162735], [138, 0, 0.04277670383453369], [139, 0, 0.030193794518709183], [140, 0, 0.10739079117774963], [141, 0, 0.032529667019844055], [142, 0, 0.04277343302965164], [143, 0, 0.0814913660287857], [144, 0, 0.25498783588409424], [145, 1, 2.2665457725524902], [146, 0, 0.10187453031539917], [147, 0, 0.010856320150196552], [148, 0, 0.08146902173757553], [149, 1, 2.0587379932403564], [150, 1, 11.978479385375977], [151, 0, 0.01899130269885063], [152, 0, 0.031529221683740616], [153, 0, 0.35394635796546936], [154, 0, 0.011616077274084091], [155, 0, 0.023637620732188225], [156, 0, 0.020649569109082222], [157, 0, 0.011033246293663979], [158, 0, 0.04333982616662979], [159, 0, 0.04139311984181404], [160, 0, 0.30064743757247925], [161, 0, 0.07619250565767288], [162, 0, 0.004818085115402937], [163, 0, 0.540134072303772], [164, 0, 0.016800040379166603], [165, 0, 0.008708339184522629], [166, 0, 0.027359604835510254], [167, 0, 0.052238356322050095], [168, 0, 0.02095659077167511], [169, 0, 0.03178665041923523], [170, 0, 0.12841877341270447], [171, 0, 0.021137606352567673], [172, 1, 2.6704368591308594], [173, 0, 0.044508472084999084], [174, 0, 0.08570712804794312], [175, 0, 0.09257242828607559], [176, 0, 0.05099133402109146], [177, 0, 0.20594829320907593], [178, 0, 0.5306764841079712], [179, 1, 2.3933863639831543], [180, 0, 0.03801461309194565], [181, 1, 3.5557403564453125], [182, 0, 0.14957842230796814], [183, 0, 0.013867196626961231], [184, 0, 0.008265871554613113], [185, 0, 0.01615225151181221], [186, 0, 0.05085810273885727], [187, 0, 0.06136496365070343], [188, 0, 0.0509999580681324], [189, 0, 0.7662782669067383], [190, 0, 0.03853640705347061], [191, 0, 0.013239262625575066], [192, 0, 0.025527548044919968], [193, 0, 0.12000865489244461], [194, 0, 0.3839307129383087], [195, 0, 0.04002409428358078], [196, 0, 0.04034111276268959], [197, 0, 0.053718551993370056], [198, 0, 11.131522178649902], [199, 0, 0.0167679600417614], [200, 0, 0.04251020401716232], [201, 0, 0.0199955552816391], [202, 0, 0.14721138775348663], [203, 0, 0.03945722430944443], [204, 0, 0.018562909215688705], [205, 0, 0.019229255616664886], [206, 0, 0.03963347524404526], [207, 0, 0.03561513498425484], [208, 0, 0.011812945827841759], [209, 1, 2.4535024166107178], [210, 0, 0.0894281268119812], [211, 1, 1.840649962425232], [212, 0, 0.14403188228607178], [213, 0, 0.020389165729284286], [214, 0, 0.6927077770233154], [215, 1, 7.424166679382324], [216, 0, 0.12150838971138], [217, 0, 0.02231333963572979], [218, 1, 1.142160177230835], [219, 0, 0.023950699716806412], [220, 0, 0.020482784137129784], [221, 1, 1.333566665649414], [222, 1, 5.388474464416504], [223, 0, 0.2501333951950073], [224, 0, 0.02114116959273815], [225, 1, 2.7323427200317383], [226, 0, 0.07825551182031631], [227, 0, 0.0608186312019825], [228, 0, 0.033474694937467575], [229, 0, 0.015090247616171837], [230, 0, 0.04314932972192764], [231, 0, 0.043188855051994324], [232, 0, 0.03521295636892319], [233, 0, 0.01881900243461132], [234, 0, 0.035309676080942154], [235, 0, 0.02599223516881466], [236, 0, 0.09546799957752228], [237, 0, 0.024742964655160904], [238, 0, 0.11694039404392242], [239, 0, 0.016117502003908157], [240, 0, 0.014452449046075344], [241, 0, 0.026443175971508026], [242, 0, 0.010574978776276112], [243, 0, 0.0023247767239809036], [244, 0, 0.3328987956047058], [245, 0, 0.05618678033351898], [246, 1, 14.523618698120117], [247, 0, 0.021977674216032028], [248, 0, 0.032927751541137695], [249, 0, 0.028755085542798042], [250, 0, 0.03881453350186348], [251, 0, 0.015324622392654419], [252, 1, 0.8361020088195801], [253, 0, 0.034284498542547226], [254, 0, 0.08410501480102539], [255, 0, 0.13677966594696045], [256, 0, 