{"train_time": 16.26054334640503, "test_auc": null, "test_time": 0.01358485221862793}