{"train_time": 137.64665484428406, "test_auc": null, "test_time": 0.127899169921875}