{"train_time": 12.495873212814331, "test_auc": null, "test_time": 0.01448512077331543}